{
  "generatedAt": "2026-01-27T17:20:40.465Z",
  "queues": [
    420
  ],
  "useTimeline": false,
  "patchMajorMinorOnly": false,
  "minSample": 200,
  "minDisplaySample": 10,
  "bayesK": 100,
  "priorWinrate": 0.5,
  "minPatchMajor": 16,
  "patches": {
    "16+": {
      "1": {},
      "2": {},
      "3": {},
      "4": {},
      "5": {},
      "6": {},
      "7": {},
      "8": {},
      "9": {},
      "10": {},
      "11": {},
      "12": {},
      "13": {},
      "14": {},
      "15": {},
      "16": {
        "UTILITY": [
          {
            "buildSig": "b=3158|c=3870,3107,6617",
            "boots": 3158,
            "core": [
              3870,
              3107,
              6617
            ],
            "items": [
              3158,
              3870,
              3107,
              6617
            ],
            "summoners": [
              4,
              7
            ],
            "games": 17,
            "wins": 9,
            "winrate": 0.5294117647058824,
            "score": 0.5042735042735043
          },
          {
            "buildSig": "b=3158|c=3869,3107,6617",
            "boots": 3158,
            "core": [
              3869,
              3107,
              6617
            ],
            "items": [
              3158,
              3869,
              3107,
              6617
            ],
            "summoners": [
              4,
              7
            ],
            "games": 12,
            "wins": 10,
            "winrate": 0.8333333333333334,
            "score": 0.5357142857142857
          }
        ]
      },
      "17": {},
      "18": {},
      "19": {},
      "20": {},
      "21": {},
      "22": {},
      "23": {},
      "24": {},
      "25": {},
      "26": {},
      "27": {},
      "28": {},
      "29": {},
      "30": {},
      "31": {},
      "32": {},
      "33": {},
      "34": {},
      "35": {},
      "36": {},
      "37": {
        "UTILITY": [
          {
            "buildSig": "b=3009|c=3877,3040,6620",
            "boots": 3009,
            "core": [
              3877,
              3040,
              6620
            ],
            "items": [
              3009,
              3877,
              3040,
              6620
            ],
            "summoners": [
              4,
              7
            ],
            "games": 66,
            "wins": 47,
            "winrate": 0.7121212121212122,
            "score": 0.5843373493975904
          },
          {
            "buildSig": "b=3009|c=3877,3070,6620",
            "boots": 3009,
            "core": [
              3877,
              3070,
              6620
            ],
            "items": [
              3009,
              3877,
              3070,
              6620
            ],
            "summoners": [
              4,
              7
            ],
            "games": 29,
            "wins": 22,
            "winrate": 0.7586206896551724,
            "score": 0.5581395348837209
          },
          {
            "buildSig": "b=3009|c=3877,6620,3040",
            "boots": 3009,
            "core": [
              3877,
              6620,
              3040
            ],
            "items": [
              3009,
              3877,
              6620,
              3040
            ],
            "summoners": [
              4,
              7
            ],
            "games": 15,
            "wins": 6,
            "winrate": 0.4,
            "score": 0.48695652173913045
          },
          {
            "buildSig": "b=3009|c=3877,2530,6620",
            "boots": 3009,
            "core": [
              3877,
              2530,
              6620
            ],
            "items": [
              3009,
              3877,
              2530,
              6620
            ],
            "summoners": [
              4,
              7
            ],
            "games": 10,
            "wins": 7,
            "winrate": 0.7,
            "score": 0.5181818181818182
          }
        ]
      },
      "38": {},
      "39": {},
      "40": {},
      "41": {},
      "42": {},
      "43": {},
      "44": {},
      "45": {},
      "48": {},
      "50": {},
      "51": {},
      "53": {},
      "54": {},
      "55": {},
      "56": {},
      "57": {},
      "58": {},
      "59": {},
      "60": {},
      "61": {},
      "62": {},
      "63": {},
      "64": {},
      "67": {},
      "68": {},
      "69": {},
      "72": {},
      "74": {},
      "75": {},
      "76": {},
      "77": {},
      "78": {},
      "79": {},
      "80": {},
      "81": {
        "BOTTOM": [
          {
            "buildSig": "b=0|c=1055,3078,3042",
            "boots": null,
            "core": [
              1055,
              3078,
              3042
            ],
            "items": [
              1055,
              3078,
              3042
            ],
            "summoners": [
              4,
              21
            ],
            "games": 14,
            "wins": 8,
            "winrate": 0.5714285714285714,
            "score": 0.5087719298245614
          },
          {
            "buildSig": "b=0|c=1055,3042,3078",
            "boots": null,
            "core": [
              1055,
              3042,
              3078
            ],
            "items": [
              1055,
              3042,
              3078
            ],
            "summoners": [
              4,
              21
            ],
            "games": 12,
            "wins": 6,
            "winrate": 0.5,
            "score": 0.5
          },
          {
            "buildSig": "b=0|c=1055,3042,3508",
            "boots": null,
            "core": [
              1055,
              3042,
              3508
            ],
            "items": [
              1055,
              3042,
              3508
            ],
            "summoners": [
              4,
              21
            ],
            "games": 10,
            "wins": 3,
            "winrate": 0.3,
            "score": 0.4818181818181818
          }
        ]
      },
      "82": {},
      "83": {},
      "84": {},
      "85": {},
      "86": {},
      "89": {},
      "90": {},
      "91": {},
      "92": {},
      "96": {},
      "98": {},
      "99": {
        "BOTTOM": [
          {
            "buildSig": "b=0|c=1082,3118,4646",
            "boots": null,
            "core": [
              1082,
              3118,
              4646
            ],
            "items": [
              1082,
              3118,
              4646
            ],
            "summoners": [
              3,
              4
            ],
            "games": 16,
            "wins": 10,
            "winrate": 0.625,
            "score": 0.5172413793103449
          }
        ]
      },
      "101": {},
      "102": {},
      "103": {},
      "104": {},
      "105": {},
      "106": {},
      "107": {},
      "110": {},
      "111": {},
      "112": {},
      "113": {},
      "114": {},
      "115": {
        "BOTTOM": [
          {
            "buildSig": "b=0|c=2503,4645,3089",
            "boots": null,
            "core": [
              2503,
              4645,
              3089
            ],
            "items": [
              2503,
              4645,
              3089
            ],
            "summoners": [
              4,
              21
            ],
            "games": 11,
            "wins": 8,
            "winrate": 0.7272727272727273,
            "score": 0.5225225225225225
          }
        ]
      },
      "117": {},
      "119": {},
      "120": {},
      "121": {},
      "122": {},
      "126": {
        "JUNGLE": [
          {
            "buildSig": "b=3158|c=6701,3142,6694",
            "boots": 3158,
            "core": [
              6701,
              3142,
              6694
            ],
            "items": [
              3158,
              6701,
              3142,
              6694
            ],