{
  "generatedAt": "2026-01-26T01:55:18.968Z",
  "queues": [
    420
  ],
  "useTimeline": false,
  "patchMajorMinorOnly": false,
  "minSample": 200,
  "minDisplaySample": 10,
  "bayesK": 100,
  "priorWinrate": 0.5,
  "minPatchMajor": 16,
  "patches": {
    "16+": {
      "1": {},
      "2": {},
      "3": {},
      "4": {},
      "5": {},
      "6": {},
      "7": {},
      "8": {},
      "9": {},
      "10": {},
      "11": {},
      "12": {},
      "13": {},
      "14": {},
      "15": {},
      "16": {
        "UTILITY": [
          {
            "buildSig": "b=3158|c=3869,3107,6617",
            "boots": 3158,
            "core": [
              3869,
              3107,
              6617
            ],
            "items": [
              3158,
              3869,
              3107,
              6617
            ],
            "summoners": [
              4,
              7
            ],
            "games": 12,
            "wins": 10,
            "winrate": 0.8333333333333334,
            "score": 0.5357142857142857
          },
          {
            "buildSig": "b=3158|c=3870,3107,6617",
            "boots": 3158,
            "core": [
              3870,
              3107,
              6617
            ],
            "items": [
              3158,
              3870,
              3107,
              6617
            ],
            "summoners": [
              4,
              7
            ],
            "games": 12,
            "wins": 6,
            "winrate": 0.5,
            "score": 0.5
          }
        ]
      },
      "17": {},
      "18": {},
      "19": {},
      "20": {},
      "21": {},
      "22": {},
      "23": {},
      "24": {},
      "25": {},
      "26": {},
      "27": {},
      "28": {},
      "29": {},
      "30": {},
      "31": {},
      "32": {},
      "33": {},
      "34": {},
      "35": {},
      "36": {},
      "37": {
        "UTILITY": [
          {
            "buildSig": "b=3009|c=3877,3040,6620",
            "boots": 3009,
            "core": [
              3877,
              3040,
              6620
            ],
            "items": [
              3009,
              3877,
              3040,
              6620
            ],
            "summoners": [
              4,
              7
            ],
            "games": 56,
            "wins": 42,
            "winrate": 0.75,
            "score": 0.5897435897435898
          },
          {
            "buildSig": "b=3009|c=3877,3070,6620",
            "boots": 3009,
            "core": [
              3877,
              3070,
              6620
            ],
            "items": [
              3009,
              3877,
              3070,
              6620
            ],
            "summoners": [
              4,
              7
            ],
            "games": 25,
            "wins": 19,
            "winrate": 0.76,
            "score": 0.552
          },
          {
            "buildSig": "b=3009|c=3877,6620,3040",
            "boots": 3009,
            "core": [
              3877,
              6620,
              3040
            ],
            "items": [
              3009,
              3877,
              6620,
              3040
            ],
            "summoners": [
              4,
              7
            ],
            "games": 13,
            "wins": 5,
            "winrate": 0.38461538461538464,
            "score": 0.48672566371681414
          }
        ]
      },
      "38": {},
      "39": {},
      "40": {},
      "41": {},
      "42": {},
      "43": {},
      "44": {},
      "45": {},
      "48": {},
      "50": {},
      "51": {},
      "53": {},
      "54": {},
      "55": {},
      "56": {},
      "57": {},
      "58": {},
      "59": {},
      "60": {},
      "61": {},
      "62": {},
      "63": {},
      "64": {},
      "67": {},
      "68": {},
      "69": {},
      "72": {},
      "74": {},
      "75": {},
      "76": {},
      "77": {},
      "78": {},
      "79": {},
      "80": {},
      "81": {
        "BOTTOM": [
          {
            "buildSig": "b=0|c=1055,3078,3042",
            "boots": null,
            "core": [
              1055,
              3078,
              3042
            ],
            "items": [
              1055,
              3078,
              3042
            ],
            "summoners": [
              4,
              21
            ],
            "games": 14,
            "wins": 8,
            "winrate": 0.5714285714285714,
            "score": 0.5087719298245614
          },
          {
            "buildSig": "b=0|c=1055,3042,3078",
            "boots": null,
            "core": [
              1055,
              3042,
              3078
            ],
            "items": [
              1055,
              3042,
              3078
            ],
            "summoners": [
              4,
              21
            ],
            "games": 12,
            "wins": 6,
            "winrate": 0.5,
            "score": 0.5
          }
        ]
      },
      "82": {},
      "83": {},
      "84": {},
      "85": {},
      "86": {},
      "89": {},
      "90": {},
      "91": {},
      "92": {},
      "96": {},
      "98": {},
      "99": {},
      "101": {},
      "102": {},
      "103": {},
      "104": {},
      "105": {},
      "106": {},
      "107": {},
      "110": {},
      "111": {},
      "112": {},
      "113": {},
      "114": {},
      "115": {
        "BOTTOM": [
          {
            "buildSig": "b=0|c=2503,4645,3089",
            "boots": null,
            "core": [
              2503,
              4645,
              3089
            ],
            "items": [
              2503,
              4645,
              3089
            ],
            "summoners": [
              4,
              21
            ],
            "games": 10,
            "wins": 8,
            "winrate": 0.8,
            "score": 0.5272727272727272
          }
        ]
      },
      "117": {},
      "119": {},
      "120": {},
      "121": {},
      "122": {},
      "126": {
        "JUNGLE": [
          {
            "buildSig": "b=3158|c=3142,6701,3814",
            "boots": 3158,
            "core": [
              3142,
              6701,
              3814
            ],
            "items": [
              3158,
              3142,
              6701,
              3814
            ],
            "summoners": [
              4,
              11
            ],
            "games": 10,
            "wins": 4,
            "winrate": 0.4,
            "score": 0.4909090909090909
          }
        ]
      },
      "127": {},
      "131": {},
      "133": {},
      "134": {},
      "136": {},
      "141": {},
      "142": {
        "UTILITY": [
          {
            "buildSig": "b=3158|c=3869,4005,4628",
            "boots": 3158,
            "core": [
              3869,
              4005,
              4628
            ],
            "items": [
              3158,
              3869,
              4005,
              4628
            ],
            "summoners": [
              4,
              14
            ],
            "games": 17,
            "wins": 11,
            "winrate": 0.6470588235294118,
            "score": 0.5213675213675214
          }
        ]
      },
      "143": {},
      "145": {},
      "147": {},
      "150": {},
      "154": {},
      "157": {},
      "161": {},
      "163": {},
      "164": {},
      "166": {},
      "200": {},
      "201": {},
      "202": {},
      "203": {},
      "221": {},
      "222": {
        "BOTTOM": [
          {
            "buildSig": "b=0|c=1055,3032,3031",
            "boots": null,
            "core": [
              1055,
              3032,
              3031
            ],
            "items": [
              1055,
              3032,
              3031
            ],
            "summoners": [
              4,
              6
            ],
            "games": 11,
            "wins": 5,